filename,label,targeted_label
0c7ac4a8c9dfa802.png,305,778
f43fbfe8a9ea876c.png,883,377
4fc263d35a3ad3ee.png,243,122
cc13c2bc5cdd1f44.png,559,740
73a52afd2f818ed5.png,438,695
58f0fd17c4a0e25a.png,990,99
90e11aa7c36c64f2.png,949,0
696f0f6bea562bf8.png,853,266
df58f94361c6d105.png,609,12
1394faa319bd353c.png,609,506
6cae4a23623d142b.png,582,439
d02adcb9140880a1.png,915,782
71080285ad6cb4e9.png,455,477
137ab6ca314e9e35.png,619,555
c819099fed6f0d73.png,961,776
4b384c8247b56c0a.png,541,924
62ebd5f7ce015380.png,630,691
f24817d66024dfb6.png,741,739
1b57d7bbd673c771.png,422,926
a2de1f4f2c1021fa.png,455,184
3e7b01ba495f15f9.png,707,409
1a264165276e3c85.png,854,758
bc9a5e01c02e759e.png,922,17
01bdc0cfe670f708.png,471,540
6af829a442e2e0e7.png,129,230
493694833dc23399.png,537,834
6ac94c9244f84aa3.png,672,335
7529b42e71769777.png,476,617
d204464fcf15ad99.png,299,268
7fd7ce3eb2bf9944.png,99,112
303781188f1b3b27.png,476,338
67967c9db11151e0.png,251,819
fa2a7d600b62174e.png,520,571
cd2d2889ef7ac51c.png,923,606
11954d93a7051cb5.png,22,502
03f90f7138f761e8.png,663,489
19935b1c0a4d305d.png,760,641
9cf861a657c27cec.png,582,896
05817a675e7506d1.png,672,753
e1c702ed9842dd1c.png,692,756
e7cafac174e90143.png,525,115
1a680f33500acb4b.png,931,72
81ddbe14219e9dcf.png,317,671
04cb9de291399d15.png,464,450
23f9d18d531eb148.png,478,850
63f2e14ab6be82cf.png,667,693
0dffbfa7ba43cb90.png,961,94
a97274c7e80a1764.png,865,925
85e2eea48d912d31.png,805,135
ff5182599937c1ec.png,324,209
4bb12984b41d0834.png,33,7
150249123e81930d.png,922,484
f963957ccfa82f6b.png,142,7
890fdaf4e1892e00.png,312,691
9a1c67f467b9beea.png,302,89
217597258ac12258.png,582,804
346c5575b60194c3.png,948,624
296033c3a5910845.png,360,796
3a7d9bd310202e93.png,789,659
56e9d5f63cfc507e.png,440,623
602f2c3749d6021e.png,746,105
7c754696067fdfa9.png,764,468
8f5eda0b6a910b43.png,949,917
89119361e9d9e02d.png,480,472
da63f2acf683c0a7.png,133,616
741fc1a3fc08731d.png,792,399
d77af00930283f4b.png,900,648
97151fe7a0a6e2e3.png,733,227
393d40f3a6a79400.png,327,845
8f5e0855ca8de8ea.png,467,715
d72f34526e12fd83.png,441,324
957529a2abaa0581.png,882,647
3bd1ba0432603b28.png,920,88
3228a465697fb2cf.png,839,921
871c99d5658c3189.png,955,586
1733cbc68a2ae05d.png,555,891
69a3493d13953e1f.png,519,406
8a82ddd7ab76efbb.png,510,907
e95ef0aeeab7b496.png,888,859
8555611998ea426a.png,990,496
1cc2caf8e5db27c3.png,430,606
a00c8d22e63497c4.png,430,891
4f553b721705d008.png,396,2
f1ce339a44d7a118.png,97,701
2153d9869fb5a9ef.png,644,941
7506caf0a49c3951.png,78,723
1d4133f5bc7af193.png,140,910
fd26c4733822dfcc.png,362,450
60f5900a00d94b25.png,705,557
79f953be91aa8ce2.png,659,587
d9da4e5ef53d5e8b.png,640,486
0411ca972e637297.png,967,696
92dbb18dd447fd75.png,489,193
65251969959ce0e6.png,937,836
b76e552d4b3ec0c3.png,991,190
828ade8df2d14c45.png,887,987
3dc0e8f854bdc9b3.png,603,920
6bb6cf032c1286c5.png,467,366
2e9b377877f64b3d.png,498,705
2842a69bf5b14526.png,879,756
a74f197288b10a0d.png,807,747
7a85f42383ec2f81.png,708,801
55e85d7b58024966.png,967,614
d6d192c5786f29f5.png,472,829
f533740a8d4618ce.png,287,562
5292f5b36a0789fa.png,853,794
ba4b978112a20be1.png,971,15
3692f6967c632fee.png,805,568
fae551840c1690fa.png,719,423
8020698d79dc39f2.png,854,953
d392f0639c17f396.png,807,589
8f97e3fface13e4d.png,471,547
a920691cf2d50f79.png,946,951
a482985ca1e77960.png,890,469
362e4ac62cf888f4.png,572,35
694e7617a4878041.png,883,719
fa5484e61e455eb2.png,476,768
ab42aa5e9745c214.png,581,590
e6e677a28e3bd6d7.png,603,159
2e541180b2323a5d.png,23,904
01f824264783f58d.png,967,677
335e604bbe3eec78.png,311,686
4e1bdcb677f21fb4.png,873,778
c6b5f6c1d79dffc6.png,582,651
8f9c1e4fd9f4cb2e.png,16,497
f54616f2af588fd8.png,672,112
f20911d36a287dce.png,780,491
81a7637c67f4f777.png,489,835
65c1808390bd18c5.png,685,586
e570258f1bef4ade.png,366,460
58bbaa0c5ab520d5.png,487,715
556d8b457b94c285.png,746,377
38546e7d7136c2ab.png,599,113
9876fe92d003c9d4.png,912,356
8df3dc0c3fef1824.png,950,842
938ada2f2bfa2b68.png,843,917
61131df39f19a4a0.png,614,866
7278c2b63080f08c.png,348,286
f734e87286835196.png,323,659
06a0e36c443746b5.png,353,231
d7d8fc1442a82a8e.png,21,845
f9937696f421f4e4.png,84,490
9429f0d1ad2283df.png,437,463
7524a7ef9de8edc3.png,946,306
c98a8640dcfaa5e0.png,746,846
d34c51d7523e9c0f.png,646,654
24726d9054e9d78f.png,544,454
66aa56675136bbab.png,469,606
a8fe76c687b00e33.png,597,118
411c5d79017077f4.png,81,676
bb6fcb4a52b4fc0f.png,734,509
84640859ee739095.png,719,579
6d2d82bc1ba0a956.png,51,663
3e1e47f5af2a3f16.png,293,356
1ac44ddb6a2d497a.png,897,26
7a291389e67a8a07.png,416,636
afa0f88aaab03427.png,544,2
1e26772fc8c493bb.png,415,13
4d1237ccbd9a5b4b.png,814,422
c3f452167c39302f.png,295,921
6841e385fe79177f.png,829,832
b48febf2b989205b.png,759,634
baeb1300832574aa.png,971,659
7b6cc934fda859fa.png,306,652
39f82c728c956125.png,637,761
c8231978dc765004.png,471,740
823f8eae0df2d5c1.png,94,569
038fd7a750733bb5.png,17,102
6d6078c60e59e9f4.png,984,796
1f71668ab3dbe81b.png,708,966
70b3b833463d20b9.png,863,856
dd4d033a9a45552d.png,391,125
8800cff23fade16a.png,531,313
af2ac1705dc19a5f.png,383,98
87937b805302f958.png,417,872
f33087679c5e7799.png,442,587
6374e7e35ad90f50.png,38,770
92c73d668e2cd3ce.png,858,581
e8d5809ee6888f8f.png,716,640
45da32a1cf073a4f.png,99,896
fe94909a2fad4ffe.png,546,964
00c3cd597f1ee96f.png,137,95
a5949b0719d3ea77.png,980,472
d7984e6e1a51b3c4.png,517,936
979757e16b67ac7e.png,322,797
60ab0fb53634bc3c.png,765,551
ad333e5d6953cbbf.png,632,296
2b7e6f0d6f73fa1f.png,637,234
4063377442ea93d3.png,595,813
60ed157b21d49c4c.png,754,959
8f07c92f0af97807.png,805,107
d67b326ef48bb7b7.png,873,545
9f3afb58c061c290.png,980,753
1f7c25207bc3e303.png,475,978
70d812d368e3e828.png,455,201
e19a59ad09d18497.png,442,914
dde33b51c8c152d2.png,734,968
a33af1b9f8b8a81b.png,879,666
1c924877ccc60129.png,409,566
74dbbe535861d709.png,701,193
858ec91996beb034.png,685,961
e5cf220f8144c192.png,705,440
34a39905ce228160.png,768,751
9455bd672cb9e4bd.png,521,581
9c509bfb75167fb0.png,640,747
37e7dc99bf2704c7.png,663,609
f2bfa7a95e787fe1.png,720,217
0f9d8c86a9f38020.png,759,117
ce05236afebb173d.png,535,509
12fb008451be82d4.png,582,554
1a7425e8f990e04a.png,607,675
1ba816dc6937b62d.png,859,767
a92e49d8bbdc2aae.png,532,563
0e0f1fd2ed183781.png,113,987
c83cfca4bc9dd3c7.png,695,729
172f992e1a0ebbc3.png,565,491
565c67fd230f18cc.png,554,853
b8596bba57a73794.png,351,40
d94940216544b2c5.png,311,621
9f55ac35ce9703e5.png,8,193
55323ce1ff485412.png,385,570
526f322d78bd5b44.png,570,287
229fbe790098d2e5.png,480,575
e0c0f412d78571dc.png,733,408
d12aad0d18252b40.png,324,38
22712d0324d43ef2.png,897,846
3201d10ec4dca056.png,738,604
62c7958e7cd80cca.png,401,756
12cf4de43c70273e.png,814,832
56dbd7d814ef5c58.png,253,276
e91abe0f1a7a30f4.png,751,494
641d03527848417f.png,340,449
de282cea97167923.png,304,655
088560551b91ceb0.png,982,796
a70b1cda0776cba6.png,142,118
c036b20afde859b7.png,280,507
5d6c4759c26bae8c.png,546,745
3eded0a8d5f16059.png,99,456
9db1070b1b9f03d2.png,323,869
e3c3f8889ac99aec.png,535,896
d6d42f8a1f6b4460.png,665,373
517dc655edeaf344.png,429,919
10db986bad48a9d5.png,893,133
17cfccd62451a233.png,965,570
212476b1b58a0cfe.png,511,696
919a6f1d23c6d05e.png,144,982
da4f4d6944d93ae0.png,734,778
1461ed9402248ddc.png,513,724
f0dcd519b5499d48.png,663,230
9a5913e0fb6d0866.png,766,203
cfab8f880da31ad8.png,540,307
17df043d369008f5.png,990,801
95d6a4087f394d8b.png,749,540
0be391239ccba0f2.png,718,995
8d68931ba23fdeb7.png,841,799
6bff4ecb94f1f84e.png,858,865
96fcb76927274db6.png,471,315
4de063bd5b838f11.png,1,288
55b85f4336d9603a.png,879,29
f6437ed4f1b8fe23.png,301,842
a90d9627e2145090.png,425,721
f4bde5facfdca0c6.png,787,193
803450d936b35ebb.png,933,257
fff35cdcce3cde43.png,912,408
b58e8d136aff5a50.png,624,564
76d7e2d1bf3a31fe.png,311,731
a777db736ecdfb65.png,325,55
f1a6fdadaa132225.png,989,17
6bea02f26beef50d.png,708,266
7b6a9bf5b175e3b2.png,557,598
7c249a944594a62e.png,989,619
5c2d823a4d30e3d5.png,717,893
fc94d8ed9eca8c51.png,389,583
73728c249317ccb9.png,847,144
0b1d45bd9ab1064e.png,560,562
4b52fd42977215b9.png,900,626
c27e3bde18fba21b.png,322,127
5dbfff56258cf9e6.png,317,384
c47ca11294a9aefe.png,546,118
97917829607b6189.png,858,659
d386396825739960.png,853,226
44fa09bc5f8e69a5.png,303,989
70db5a1689f89129.png,433,471
89d60f53d478c4f7.png,667,434
d531a31add433f46.png,763,768
4d0c0f35a0c00bdc.png,679,431
33197fa6ae88508a.png,847,29
78059d1afd7b9fea.png,57,247
542c07e8bf8e283c.png,144,705
e8c99e0220ab46d2.png,590,534
c755f3b0f89028fc.png,565,826
76db169867bf2e9d.png,963,907
784232355d49601b.png,326,160
e99ceff3e420ef95.png,830,767
23955512cd0e1191.png,475,741
d6eac6858474111c.png,322,249
8d90c523b27410a7.png,320,562
5cf72b48fdf5e419.png,629,743
228fec6cab5f560d.png,973,930
e7b61bec5e4ca40e.png,323,673
d3551db0b83c8fc0.png,617,323
c7d0c73d636300f5.png,829,800
61ed2594a0524631.png,471,995
89f48bcf97aa6600.png,417,69
ed786d792c4309a4.png,498,961
9fe19d5c6dab83a3.png,454,804
d5d5f843f100328c.png,885,537
789417c091011f53.png,344,176
e648427e38e80ff8.png,887,616
1478a0fc99a988db.png,775,927
e758de2cbb3d10a0.png,304,904
8af30e5c3fa48a08.png,695,70
38287d2e5a4a9a57.png,959,797
c6e0d2ab3bbf4a3e.png,705,837
4cccb215bd60b3c3.png,32,340
9a49001b63903f72.png,768,803
1cbae41091a750dc.png,472,813
de40907c1e2c5515.png,628,485
446f75fdea0e1da0.png,921,200
059da9a174262427.png,253,629
35c344ca0584ba14.png,687,830
c335ce88293384f2.png,734,628
daa6404780b1af27.png,637,998
446b24f903b488fc.png,143,838
d7ffed8f21024a14.png,751,921
5efeca6c4c233f01.png,760,463
7d599306068f4594.png,716,513
67a52d9155241752.png,829,419
dc12a25cc85ee9cf.png,646,895
0d6463e9a7ef6185.png,770,785
af543b5f19ed1b1d.png,39,390
a7151de51c2f1d0b.png,344,213
c5c9d17672ff88ce.png,457,265
5bdb8268eadf57d8.png,851,967
80177288cda51d95.png,640,604
5b60477a29c7ef81.png,415,699
da7e65bc80814f37.png,787,602
4aeb33c9e565a201.png,97,839
19d43f8204d3183d.png,984,377
2b741c5c635a7295.png,107,633
398720b8f19d5b84.png,696,699
ab8329c28d8538c3.png,468,12
348618ddbde3a39c.png,385,459
d0029b3675b792ae.png,789,901
69854b68476d5068.png,892,732
4bdb561770b52424.png,146,183
a92ab9e5fb9c5d64.png,628,456
8c6edf1ddfb61102.png,888,122
c135b139d293f7f2.png,346,490
7d2e9b03ec1b630b.png,400,534
29fe8d653950a631.png,79,541
d4c817db6be62b71.png,94,163
1e77361718213a43.png,439,434
6711e27733cfd050.png,717,732
df874264566c58a9.png,741,151
67c0339b1dfda5f6.png,557,495
abd121ef53a69ef8.png,239,334
5021e7da00bf43b2.png,479,936
ebdfdcba5dc3b72a.png,867,599
68274b8293271807.png,833,578
a84ead15406596ce.png,479,936
5d1df4748743d42e.png,963,321
16ff75228179469c.png,227,385
6e840c209f5733d5.png,441,749
16bbe588e0ecc6ab.png,141,167
46b657df12fd7c26.png,283,723
bc7dff0960bb3335.png,442,764
128fca690a11f68c.png,97,784
ed9b2813b9245e52.png,879,675
a187afb98f295057.png,120,754
d2d2b255935f0aae.png,947,431
4d008626b4b68665.png,107,779
10bc8784a5eb8843.png,743,209
77ac8bf95825dfcc.png,634,727
5c8bcfa0dbb246ab.png,817,580
afb0233b2e0545c4.png,580,958
1bb5f1337dfb1edd.png,640,292
a3c4dd88edacb575.png,399,350
64ed3f0e8a2dc320.png,652,409
d25df1a8259d3fdf.png,160,832
184a160b32ff4c72.png,517,716
4f722cab5573a5fb.png,884,391
1b546695167d3f6e.png,959,836
6a940d1bf69f1d10.png,557,432
f4902a569fa12171.png,949,991
54a6b2cd7f89220e.png,917,170
7b71925e989ee1d8.png,933,34
eae13c52554a7783.png,780,847
b1e69e9c3d740f4c.png,3,832
493e327b171ab0c3.png,830,855
2efe4916e679e875.png,865,925
588bd41c9aa5a81b.png,533,153
49b1adfeb8ffcabd.png,931,670
225e06c2dfa68a62.png,881,944
d7d5b34ea0a0ffcf.png,877,969
0212aa8aa912ee45.png,326,415
d7de327bbf412965.png,489,659
2200794c59b1808e.png,310,213
83896b9fb7e9c2f8.png,536,546
f9f36f7774d73820.png,304,722
796e23f8dbf9a7a2.png,606,834
dad40e355e4e8e96.png,654,847
064e1cc405062c85.png,107,134
1484479b7630af0a.png,701,903
18d5f99fe237a306.png,814,76
d0c6c29954f0380b.png,430,95
c777da68bec01dcd.png,486,583
5cd8864b6e35df82.png,865,897
444109f3ccfacc7b.png,335,220
b722c809657aecee.png,776,639
a193f7ae7d550a82.png,737,630
97025d82ec9860dc.png,675,573
23f39187c0d00e30.png,971,657
515c6586db87bbd8.png,873,217
42e9b41ce96dbf0a.png,850,646
126175abfdcb1a21.png,470,485
4b0c9bf2584b35d3.png,959,78
19b5bea9a7608a92.png,777,434
1a94dc47fdd84a95.png,869,829
c35cd0d5673ec1db.png,962,366
b239b5b3e1642f3b.png,913,745
e22a1c8dab22f256.png,310,10
d959fd91192d5717.png,628,595
692016122b9e07a6.png,959,122
8749fd2540a0cb01.png,832,447
8e9e976fc98e3cfa.png,665,739
d7c8008bf74f2324.png,814,671
330b9cb3cd80c88b.png,533,430
1ef172b89f4a39cf.png,50,535
b02b553998809e17.png,703,846
74b2e35cda75fe27.png,628,465
f5a2cf5c66d313fa.png,976,655
5ceb9f2e8405b0de.png,411,63
114c98c078c5aab0.png,49,107
d741b583a123562b.png,320,791
324278ff7f22b4eb.png,497,302
1f4227ce24232867.png,33,941
5973419efd52f783.png,624,794
fdedd06cdf58084e.png,981,427
911aebf30626ce02.png,874,730
55599050147071cc.png,472,961
eee6f4bcc8468f77.png,963,713
7f3c20f487834846.png,407,882
8c8bc30a62a1ee23.png,303,1
7e0fb7f80ffa514b.png,654,404
c02ff39fe5832f4b.png,904,674
891fe6baf8896b77.png,324,534
e96d52f9fbe3ca0b.png,630,434
29279d12ed3e29ff.png,457,327
ac295a63ac9d2cd7.png,692,863
5d23b04cc45bc37b.png,517,736
11c53fe6feb856c6.png,476,765
cbcb7444cc827812.png,762,785
fe1314dd6f75551d.png,920,564
a8fca010774a1187.png,828,809
5ec826683757ffae.png,22,368
b9310b9080c06e4f.png,866,268
4f9f0b75f5b04524.png,57,896
4abadb721e74b99b.png,944,780
a3c651cf20ee2d34.png,640,560
5c4eec952ca114a1.png,347,524
7f045354f4577c16.png,557,969
53211f8a1b131de6.png,945,577
9c0e25e2f72438e8.png,511,505
55512a6c2a45e2e8.png,927,386
869adfbad4e38261.png,591,865
adcf48b42266309d.png,504,588
3b67bec3793efcb4.png,821,745
67a08d685abf7fb6.png,738,709
22a313cc9fc2b4f1.png,309,939
0d85e0103989c850.png,323,721
c3cf76709c87255b.png,675,223
74355a8c878b6814.png,874,621
6efed50f84ec5e01.png,946,601
d6887e8d19a06139.png,562,44
21fef4d9b3dce49a.png,974,459
0d65cb9d26de4d37.png,570,335
3df888fc3b1df464.png,954,382
5ab3f1edd2f0cb06.png,386,115
51b390bb124a6d9d.png,967,421
5bf502c4a4b7d04d.png,9,349
6ad1230d612d7eb7.png,437,679
76a5715019fe11c7.png,820,767
207fd3b5def218d1.png,990,278
ad43e858c614db4d.png,967,70
b3ba6f0352a29b2d.png,751,562
95185508805329aa.png,652,720
73ee2cc19ef92e50.png,981,685
be1c43056c5d0085.png,144,435
84a5f6ee2af29208.png,320,512
50b9e11ae686ae32.png,320,33
fe2edb6cad72d2d2.png,917,487
58420b727fcab02b.png,137,167
47b087263b33728b.png,317,151
0e0299d6352a3fb8.png,538,3
2ee4c1b2b9bcc6c8.png,762,784
24312de5c34473c0.png,873,819
bb748281da5e8681.png,347,693
b648e8dfcb4fbc99.png,981,571
d2cc2eabfc7bf54a.png,555,720
da4b3e38b069d735.png,776,690
b0bb1ea9bcc45800.png,844,455
ac668c13ccfd4b79.png,597,750
b6c6a5b7829fbc9b.png,472,505
014f0024918a7b6f.png,9,884
93114736f072d6d3.png,616,762
c9ddfb1043177de8.png,974,116
7e4c41563370bed1.png,718,944
328d99215b19c8c7.png,805,925
2a1a60df9a58bb7c.png,649,18
263c7bcd59502625.png,479,650
d05076189b7fd185.png,707,764
fe193683db61ac2d.png,743,0
d8b0101e2459882a.png,654,87
3841b33c9797cbf1.png,908,952
232c22314e21f764.png,114,903
30b62313af2b5d74.png,315,794
2c54b60a2851b8ed.png,656,576
c96c3eab644075d3.png,347,299
060dfe239abfd547.png,703,395
0bd5123017590e39.png,565,429
bd3617fcc985fe31.png,832,60
54666421b4a6998f.png,919,758
4e34df87968bd882.png,338,378
3f48b1e74589d310.png,652,507
96e77c20bf94ecb1.png,817,517
4edeacef9fb8ec90.png,718,996
c9302f3b2b0452e4.png,883,891
0af0a5dfee6b84ff.png,483,807
02dbe78a73db2808.png,974,254
592c7424f13b2d29.png,603,516
f5b0ed0fbb3b5f74.png,566,644
1b1ffd7000d0749f.png,959,990
70a2529a6b2c0d46.png,579,549
bba5c56cc3eb07c9.png,920,593
000b7d55b6184b08.png,388,962
8a02b6196885c394.png,759,446
582663fe666aac9c.png,922,927
f6515f31b750a573.png,476,722
acd99e9b7128395a.png,858,752
83d35591dfff99ac.png,580,856
3dfbdd066af9ca1e.png,820,4
59204d6bb0c234eb.png,417,702
d740663eeccdcecd.png,437,761
9226b783cfb770bd.png,825,33
01dd15caa1b2c7b4.png,303,550
b97f4b95ae696316.png,517,398
c42c88890b5fc86d.png,670,111
d158837db31ed892.png,518,803
4a1a40a116088962.png,597,623
ba4508962af69d90.png,672,826
7069a117c92d27a4.png,545,185
79fa9855119ffeea.png,478,505
82e2334925339ef8.png,817,768
4f5464b7d4682441.png,975,606
72f96c6dc5df2de8.png,884,783
6609c25b3314b5b3.png,511,877
52d8515abbfaa8ac.png,229,633
a7f9b28e30d19d85.png,661,698
8b7a5446dae48ac1.png,308,362
b2a7e558f1a3ff16.png,619,535
1a95932427129cda.png,656,464
d4579363596fbf21.png,832,888
f7dd570a0cfe1dcc.png,668,54
2d23b1dab7e3e9c0.png,510,970
b7d9e1d8cf1d7912.png,518,484
6b27728f0f816dc6.png,637,873
c96358fe7b8eaf28.png,705,491
9b4cab2ffb0c0754.png,974,962
1685d066f8070081.png,978,360
e071bf346787d971.png,562,989
e66d732354c6baf0.png,300,71
33adbc27fdcadd65.png,923,715
eb53098ebcf05e64.png,563,600
8c609b06a60af060.png,498,290
c66310d8b709d6d5.png,762,105
740981d161a38bad.png,571,148
4c8a4414419ab0bb.png,661,847
ecaf98c8ce9f04c3.png,560,696
093402dc35f59027.png,733,112
8bb7d10e97694eb5.png,142,392
820ae900a943d605.png,887,700
8859efd46fab37ff.png,922,598
dde9f0aadcb02874.png,980,639
13810fcac72f12ba.png,875,71
b1bf532ce2c4c3a1.png,874,556
9aba31a4b2404aa5.png,911,494
5b85f98e0105d135.png,569,932
53c478ffc8ddb967.png,319,612
92c3f5e99d8ac862.png,663,361
fae45093bad0961a.png,528,527
0db0952967f6faa6.png,815,551
9594ef7e0fc79ea8.png,402,114
634d7f18d098cccb.png,538,765
05cac1419419ce29.png,853,549
868af4a2e614f5ac.png,717,466
6898f889c17f8e16.png,887,729
8e3324c208eb9a3b.png,821,740
7d7a8e41b8d0577e.png,964,181
5ff168f7d006f69c.png,682,105
f348adf7ea1967f7.png,908,414
40f79488e3c2d6c4.png,917,748
3e9496f7652e1968.png,468,833
2f7d5ff922af55c4.png,480,632
79a5625805a08253.png,765,804
412311ea17528b7c.png,763,439
00312c7e7196baf4.png,326,219
51d1c77f80467b59.png,976,537
82179b1d313e0e23.png,829,901
b0e0e06e647b478f.png,483,914
c609f86fa706bb9e.png,112,888
55a2e48a87c16998.png,910,767
7d833ac8ab852bd2.png,51,150
fe92a88132b5d67b.png,962,246
6ab876a15af539c4.png,983,610
4fff343244f212cc.png,820,402
22a9c318b6e36853.png,619,210
71d368782c72e313.png,912,486
65b8c8b065069802.png,665,378
b0619a61cf135f5e.png,984,419
93394c1f9c4c0053.png,319,882
aa90f93ed6fae139.png,309,827
aa07ba1587ec047e.png,468,899
5d8085ae68e07d72.png,708,642
749ed3502293d019.png,474,577
791c3d333052ca64.png,963,907
90e9a43bfb6a68b7.png,866,475
72e6ba0cc7fb30a6.png,874,833
8c5b5bc0f39e2e06.png,897,252
cc43200264a62126.png,980,589
be95f5be87f6fadd.png,458,602
7b6e963025eaeb66.png,993,659
7f842d0c1e747334.png,304,795
ed3cb7f5154ae02d.png,979,746
6ecbd7d19f5b9147.png,595,422
d016b3204e7ca96e.png,791,777
8400742ba78ac009.png,970,670
121c87c3c822e2c5.png,458,385
76886996d4ab4614.png,974,762
9d5ef11ec55123e5.png,99,512
1dfbeffd999f280e.png,581,568
e3f5dbed7bd31314.png,546,863
eb8ce5ba5c47e344.png,668,892
f5dffe28fc19b6e7.png,917,729
1ebff1b3c8de66de.png,336,809
0546b47c13f154d3.png,107,317
f52db15134c1a74e.png,637,775
8094d4088a08cf09.png,440,614
d9f624188d16fe93.png,39,601
631b6820e91a9e3e.png,12,302
611f453c4bb616b9.png,309,64
5792d4a42d2a82c8.png,987,418
c0e0c11350b8740e.png,318,697
c663670c06c06ea4.png,908,902
49591319edeb6b3a.png,308,415
02eb799d147d5f91.png,624,772
f2d36d089779166a.png,348,804
cc8d850717026796.png,661,790
ab3fef142d031784.png,656,736
c84cbc2c05227bee.png,436,978
9d55997552acf0de.png,259,198
8da3593258ae27cb.png,580,398
fccab516c111d524.png,649,756
315e55af9615abd2.png,346,105
c135337ca7a575ae.png,347,177
3bfe9ff7b488485d.png,705,709
1e33aa336b89dcff.png,538,587
39a483e9a23716ed.png,675,645
5191cfba868056a5.png,970,792
4572c8986c28343b.png,436,534
7700d0ba053dc4bd.png,936,291
eab9755117160864.png,610,509
8b47d72b39b2bd33.png,525,96
7d2a7bca22967f29.png,734,599
8e89734ed940e222.png,656,793
30b922dbfdbffd11.png,609,971
ef0e34b8ccb6d42f.png,981,711
506b87b78daa499c.png,820,243
62e0e0efc6deeef4.png,970,771
28652355cd12a1e7.png,307,62
0ed355357757528d.png,762,794
abe9504895f6e8dd.png,565,606
dd984311bff04342.png,117,523
f7947af6545be760.png,417,721
01244097ca8ffdfa.png,90,562
3cf4bb0637d0f182.png,861,51
1d5361e858fe8462.png,498,522
6a50fbe8723a6a4a.png,562,596
001b5e6f1b89fd3b.png,576,908
25eef91443ded954.png,436,727
ed3f9b6a081a4802.png,817,209
95fbd20d0aaf319a.png,825,299
2bc6c55a0ab24f86.png,785,696
319e8b63d6a194aa.png,825,528
4fcc9c949d66a4e0.png,770,103
5c847b72d1e1713f.png,555,521
707bce947d54bcd8.png,946,940
43fa89c17e628c06.png,132,884
6612fd36e6dd9534.png,308,865
4146a745f9b2f3cb.png,50,417
74bfc95412b2f824.png,671,654
5fc906f27c8975d2.png,978,366
2fc17ec1fad5d947.png,873,928
cb63df64516985c1.png,634,771
7b8413ef241118df.png,547,484
2e854fca826e54b3.png,857,595
f0add7f552d2d895.png,649,542
9d4674c86096e4bd.png,661,613
05437214d1ba9580.png,809,117
dacb07f80166a7fd.png,448,107
82b6f0bc71f5d0af.png,562,577
0f36316247c03427.png,752,680
efeabdd8a05e91f8.png,497,310
7453471febf1db6f.png,594,89
e6f2de0c605f1ed3.png,131,993
648231d9393250fd.png,547,649
864fffaf7a83b3f4.png,580,372
c179282bd977c6e0.png,671,104
40a7f086461190f3.png,492,840
90e1aa56cae80a60.png,917,416
839aa3d166b020cf.png,13,210
38bdd950c1d08be6.png,132,890
2d95297e468bdf9b.png,865,525
ef5b1e5a76ae66dc.png,539,724
7a11ae4c1f5e790c.png,688,499
477bf90e7413df23.png,541,835
7060ae82e5b96a77.png,521,494
42e55ac6782d4d99.png,973,818
8868879c2acd5d9e.png,321,129
5b3a8c63e41802e7.png,749,757
659ca4ac6cc57e89.png,777,589
9534108b0e8dceb1.png,646,821
fbc6b98b13c768e2.png,458,565
7c3b0d93654b39cd.png,707,427
43694caa12d5f823.png,978,756
69788a29e7436808.png,309,49
daa43d65c3b18a84.png,821,53
a8c3363bbcc7015c.png,738,839
93a0857ff81c25ce.png,547,958
b11fa0f292c0178f.png,701,900
1dc0533f87996962.png,565,852
589319c64adf5fce.png,698,587
cebd45d7200f6111.png,70,946
7e73c7adc520e406.png,132,85
6de6432b0f23ae75.png,104,406
ebb4dad78cfd67a9.png,737,729
e8c6f75ad26bae84.png,972,928
1e408a8d1e2cdc74.png,768,778
11afa51200515f9a.png,825,566
9f6fe669276f04cf.png,919,696
408bae58c26a8076.png,132,760
b5548ecffa20aac8.png,933,107
9ee13ecd8d6727c0.png,497,553
d1a723656dc08b5e.png,821,813
d1709eec353a6f93.png,296,555
b89dbfcc49dcf156.png,888,466
7368fe0ff47343a0.png,964,446
d23fd2119c4f5dec.png,328,122
5a0e21d54b9c4954.png,327,145
4b8517e927f32962.png,865,270
38deb4830d12358f.png,979,935
81804435ad51df95.png,436,240
e4941a341ace171a.png,708,297
558a7b66b78ba65b.png,421,667
435137d9d4f4125e.png,1,268
c43077b2283479be.png,13,764
77c72d0a01e1af70.png,427,835
72ac2a5af79e26d5.png,717,861
32c0e4647ce5a812.png,326,742
54153d17b11b495c.png,656,550
fb1efda0b27d5289.png,847,202
7c5ea6f89e6e2733.png,819,586
721804d1d3a60206.png,908,33
dcb6b32cd80f2b1f.png,555,831
49c27b439d39a00c.png,489,417
2c065d2dc6b2cf44.png,933,462
b3f200c672c5ca4f.png,975,274
3f40eba168e5d385.png,514,935
0e71473957df4793.png,877,347
6c9f8901246faff2.png,628,688
a64ae1acd9d09a87.png,130,82
05f7c084329ff0c6.png,972,909
5d77597361d06d2b.png,903,91
ac2a8a4777dbe746.png,895,45
3d75d9676ad6361c.png,150,516
e3a740861f12f49e.png,819,899
64577d3916d6dafb.png,605,753
3b32eca218ed3dbe.png,741,837
0707f3dfb7c29f5c.png,605,739
59e9bdbb7a3fc4ba.png,517,406
686ea4ec999364ff.png,458,553
cb71a056a8e05bb2.png,319,940
f63d58b5af16091f.png,715,419
d3aa8ee50458c020.png,430,873
2891f4aa2279d369.png,470,404
ae24c23192976a40.png,751,887
348ac56def3ccd35.png,915,532
d46216d31908163e.png,895,784
a8dd9ba15f7b817b.png,805,739
5224fec9ba33b50d.png,603,531
b3c384a2d1a391c0.png,630,455
4a1a488e8a975f7c.png,919,832
d7c1d1632cf0acc7.png,403,872
ca50e3535eb6396c.png,555,928
30e132285c2e960f.png,911,426
ea65c0ff71e7ceb3.png,403,736
200285e90078210b.png,441,740
cec46dbd1fa3473a.png,897,245
6314b953a2f66e36.png,310,773
1f3f949ccbc81c93.png,303,665
04546cc5e537d7cd.png,425,648
73064ceb466612d5.png,718,672
ae78688b32986638.png,912,878
72d85232abd98067.png,470,598
89d8361c6bfe905c.png,603,50
4ca02fd28a5e9703.png,995,238
48762c2cd2ed47e1.png,754,307
b217644382dcd864.png,511,707
c4824f023903731a.png,737,816
629138193e021cdf.png,884,738
7d4186ce0332245d.png,975,935
90dfd75887f3e67b.png,985,44
ed56c7616a8ac010.png,781,567
5d6b9cadb6f9e1cd.png,895,745
a033832d9ff8913b.png,100,356
313ff0037b86260a.png,497,609
afe045d68f1a60d0.png,989,955
b19e2df06dbcccd9.png,672,815
510e5062fef4a993.png,630,292
943274babd06a662.png,668,677
0e83f990a04ed67d.png,821,51
607702d7ef44d081.png,864,346
e9811aebe8bed6e5.png,335,409
380053c506e32105.png,779,513
668bc83a884d24f9.png,2,390
be9a3bea2989a0b4.png,717,676
b74c05ecff5f99d8.png,406,567
7a51c260ca0e83e7.png,547,747
e89d48768917f563.png,458,307
080bec22a6b1d37d.png,759,817
e37b556e8889d2ec.png,751,617
67dd47336dc89421.png,817,948
25f85aadcf248cc1.png,853,889
c3e9a84e039df3ce.png,468,764
0134ba03294509a1.png,981,354
53fe22426ff21243.png,535,778
4053a6a3d0e63c01.png,391,459
3ece3c1f94e4141a.png,331,14
7d253f78ef6f029a.png,682,91
fecd59b8de8ae6f7.png,819,792
24159caf9c5e92be.png,707,742
44982b98ba192bb7.png,321,410
7ca714cdcd5d36d9.png,779,105
cbaff3255afbe83f.png,560,852
fafbad0b3093a886.png,671,314
45315ea51da415ab.png,355,188
1e4bb9fd37654da6.png,819,537
5f3ea3c6b683fb57.png,772,61
ccbcaf10176e78e0.png,922,857
8d17aa69b4fd7b45.png,406,589
c25da85d5d62b000.png,403,218
beb3e55c385feb12.png,814,880
ed3573d0c197fbaf.png,847,189
95d1a6be6786190f.png,890,982
c8abefc975e94b10.png,874,674
be97d1e63c32043e.png,94,229
df2cd1b82d5dec14.png,518,413
024f73e53c3c1f1d.png,579,637
e957c417fcd20c5b.png,819,790
795f5aef9bef8134.png,825,28
422d08407aeed1be.png,113,43
69a39406cb1d2ce5.png,475,45
564de663adeb8cd5.png,557,132
04c1bde5affb7b5b.png,652,679
90f5385a77a49f77.png,703,904
604b54a3b7424d9b.png,938,429
a6535c039bfeba2c.png,535,291
35d67f3f70aeef92.png,979,581
3efa3df701898afd.png,736,999
f08f34c258228251.png,698,607
d47c9aabecda0e12.png,985,198
d97c1f3f1c211d1a.png,978,466
62949c357e429690.png,972,115
9311a098cfb4b946.png,820,191
38d8d105d5e70c80.png,421,754
a28beac14b9037da.png,404,350
fa3aae44c2675e88.png,770,374
44aa69f642b86628.png,879,548
6cc289dc7a8fce86.png,157,999
a92babc0a6436d3b.png,759,654
9fbeb797de1e1639.png,762,510
16179baa1513c701.png,94,504
5a8d5bc9bf40e832.png,518,633
aa4e1cf9cb6e7801.png,895,839
200735f93ea764f2.png,308,284
5d53f9bc389e98ad.png,264,467
5b974695c09ad165.png,990,392
becf3b004177ded6.png,985,456
4f04ca75d7aafc0a.png,839,632
8764eecf6e898c7f.png,483,710
c5f5e09f4f5fd41a.png,403,420
17f3b8a057bc01be.png,858,574
c10f6e0689efbc1c.png,887,296
0e9bdc3ab80b1a71.png,366,334
c17d39b1eba4cc03.png,668,731
ec346009f286ffca.png,119,782
01fa4be27dd11b5d.png,450,828
490df9e021386d29.png,404,350
08fbf75e60a6efb7.png,483,665
fc583c08026e3d74.png,880,587
db6c6671a6924eba.png,406,411
5a6439b10c1f6761.png,319,870
218e02b6cfa0466e.png,698,216
3f8bf287f20333eb.png,972,712
be5543dc68f0b970.png,779,635
87fcc5f70673d3d2.png,698,158
99f175132cd1c6e2.png,933,458
a4f718e554dd18dd.png,975,94
46a489dcff5471a4.png,919,589
38c6124f40b8d845.png,895,18
6740e1e89b5bbab4.png,980,684
54ff02d9dfbf8540.png,883,369
2c9398f44d099e0f.png,521,481
6896a8b78f404dc8.png,979,74
d2d6ae6e0b8a0c31.png,985,600
fccfc3563cd562e1.png,976,655
d3a88c50958b1b5f.png,976,999
513b3032ed1f388c.png,113,541
6217866896fbe2b7.png,698,866
21554e755b9706d2.png,341,75
87a2147620d5e1cb.png,779,289
b86d604067f50613.png,489,997
af3736cca01a2d28.png,317,765
5adb3d985cf217a9.png,404,874
60566d5680497389.png,472,543
1cfa5381359bff9f.png,421,851
cd40b0e46c9da574.png,661,738
e9ecdf28dc1d5a85.png,608,191
821aae58dc96b4b2.png,340,574
715335d5ddfca1f2.png,480,914
1be47d60e0156bbb.png,649,911
8724748782cb6c31.png,75,646
2ba52bcf59097dc8.png,970,849
2ed718f6db9785f8.png,518,842
4a251fb6d80b5137.png,799,81
3617bfc5d06bc196.png,884,553
143c74a57326fd40.png,421,422
d051e0bd46125123.png,668,775
84af93c72781b7f0.png,437,781
a52570066ecc61fd.png,975,582
3e8bf1eee7083f6e.png,630,682
f6d5c95ce7908a58.png,560,871
bfb2aaf48d7fc08c.png,978,952
5528f7330399485f.png,73,211
635ea505879178ed.png,538,922
a8631b077e74f7aa.png,479,485
bb03be3702584eeb.png,671,623
8090736c8299ab28.png,979,893
74b13710bcf4f7f3.png,774,917
ecd3a969dd466349.png,284,692
2abcab3d77d4767e.png,442,519
8c975de17f3247d1.png,649,525
8d86fae18afef4e0.png,37,78
619a9d0eb2acdd82.png,884,842
9ab953cce5c7f879.png,442,366
1c2e9fe8b0b2fdf2.png,57,904
a414ccf5c51454e0.png,829,865
26aa2e6ee43387e7.png,912,740
3302a8c24caf20f4.png,703,547
dd722682a9f2b9dd.png,436,457
6afe58efa85756dc.png,928,848
0ceee9a38409e30c.png,483,711
1df5e1adad21d618.png,404,555
57e62606f02d0251.png,547,645
d0fe8afb55c3c7cd.png,497,777
91d18b353d5b3be2.png,930,25
21b0803c965f76ef.png,919,976
f20783fc38473514.png,385,773
3d6e530955c60759.png,511,891
7e5c847bafc4d50c.png,908,528
0aebe24fc257286e.png,560,314
3c970c84b598f2d9.png,779,596
c6166621198a3de4.png,985,746
134bfd93a04b88b2.png,580,961
4227a6e105cc0588.png,970,140
405dd60729a8c18d.png,847,495
0d29832e5da60f5f.png,972,180
90ab38bb74020d5a.png,646,140
068c5d66662a837a.png,963,772
e5f15610a22098bb.png,671,574
4cd90a6459ce9571.png,718,621
4a0bac33f8e81e60.png,406,856
cc283b8f7f46fbf0.png,573,961
70b9b8ae11327472.png,10,982
5dd8e133e66ecd3a.png,141,345
4dc360d125c9238c.png,526,839
8805b0b20d808c49.png,703,926
15d27dbdc9eeda7f.png,468,764
448a738f6dcba07e.png,562,415
e5948d6294eb8ca3.png,886,675
